﻿pos_x,pos_y,rotation,side,designator,mpn,pack,footprint,value,mount_type
123.0,-110.6,0.0,top,BOOT0,,,SW_SPST_B3U-1000P,SW_Push,smt
127.2,-136.6,180.0,top,C101,,,C_0402_1005Metric,100n,smt
129.25,-136.8975,90.0,top,C105,,,C_0402_1005Metric,20p,smt
132.3425,-134.98,0.0,top,C106,,,C_0402_1005Metric,20p,smt
133.12,-133.8,180.0,top,C113,,,C_0402_1005Metric,100n,smt
133.0,-122.42,90.0,top,C119,,,C_0402_1005Metric,100n,smt
128.78,-120.0,180.0,top,C132,,,C_0402_1005Metric,100n,smt
120.4,-123.22,90.0,top,C148,,,C_0402_1005Metric,100n,smt
131.925,-112.125,180.0,top,C31,,,C_0603_1608Metric,10u,smt
131.925,-117.925,180.0,top,C35,,,C_0603_1608Metric,10u,smt
127.1,-145.4,180.0,top,C41,,,C_0603_1608Metric,22u,smt
127.1,-143.9,180.0,top,C42,,,C_0603_1608Metric,22u,smt
122.6375,-124.4,180.0,bottom,C51,,,C_0603_1608Metric_Pad1.08x0.95mm_HandSolder,100n,smt
127.75,-147.65,180.0,top,D1,,,LED_Cree-PLCC4_2x2mm_CW,LED_ABGR,smt
131.2,-110.0,180.0,top,D30,,,D_SOD-123F,MBR1020VL,smt
126.5,-115.3,0.0,top,FID1,,,Fiducial_0.5mm_Mask1mm,Fiducial,smt
122.7,-134.6,0.0,top,FID2,,,Fiducial_0.5mm_Mask1mm,Fiducial,smt
121.4,-126.5,0.0,bottom,FID3,,,Fiducial_0.5mm_Mask1mm,Fiducial,smt
133.3,-131.7,0.0,bottom,FID4,,,Fiducial_0.5mm_Mask1mm,Fiducial,smt
126.222183,-134.956804,180.0,bottom,J1,,,PinHeader_2x02_P2.54mm_Vertical_SMD,Conn_01x04_Pin,smt
118.11,-102.87,180.0,bottom,J11,,,PinHeader_1x20_P2.54mm_Vertical,Conn_01x20_Pin,tht
135.89,-151.13,0.0,bottom,J12,,,PinHeader_1x20_P2.54mm_Vertical,Conn_01x20_Pin,tht
127.0,-156.6,-90.0,top,J21,,,Harwin_M20-89005xx_1x05_P2.54mm_Horizontal,Conn_01x05_Pin,smt
127.0,-156.6,-90.0,bottom,J22,,,Harwin_M20-89005xx_1x05_P2.54mm_Horizontal,Conn_01x05_Pin,smt
127.0,-103.865,180.0,top,J30,,,USB_C_Receptacle_G-Switch_GT-USB-7010ASV,USB_C_Receptacle_USB2.0_14P,smt
127.0,-142.24,0.0,bottom,J40,,,Amphenol_F32Q-1A7x1-11008_1x08-1MP_P0.5mm_Horizontal,Conn_01x10,smt
127.0,-116.41,0.0,bottom,J50,,,microSD_HC_Hirose_DM3D-SF,Micro_SD_Card,smt
130.0,-148.1675,-90.0,top,R11,,,R_0402_1005Metric,1k,smt
131.0,-148.1675,90.0,top,R12,,,R_0402_1005Metric,1k,smt
125.2,-148.1675,-90.0,top,R13,,,R_0402_1005Metric,1k,smt
122.0,-122.2,180.0,top,R137,,,R_0402_1005Metric,1k,smt
125.95,-110.4,90.0,top,R160,,,R_0402_1005Metric,10k,smt
133.2,-148.1675,-90.0,top,R211,,,R_0402_1005Metric,270R,smt
132.2,-148.1675,-90.0,top,R212,,,R_0402_1005Metric,270R,smt
124.2,-148.1675,-90.0,top,R213,,,R_0402_1005Metric,100R,smt
122.9,-148.1675,-90.0,top,R214,,,R_0402_1005Metric,100R,smt
121.9,-144.49,90.0,top,R223,,,R_0402_1005Metric,100R,smt
122.9,-144.5,90.0,top,R224,,,R_0402_1005Metric,100R,smt
129.7,-114.2,-90.0,top,R30,,,R_0402_1005Metric,100k,smt
133.35,-107.2675,90.0,top,R31,,,R_0402_1005Metric,5k1,smt
120.75,-107.2425,90.0,top,R32,,,R_0402_1005Metric,5k1,smt
127.0,-128.31,135.0,top,U1,,,LQFP-64_10x10mm_P0.5mm,CH32V305RBT6,smt
131.875,-115.0625,-90.0,top,U30,,,SOT-23-5,ME6211C33M5,smt
127.1,-141.0125,90.0,top,U40,,,SOT-23-3,XC6206P-2V8MR,smt
127.3,-128.1,-90.0,bottom,U50,,,SO-8_3.9x4.9mm_P1.27mm,TJA1042TK-3,smt
131.5,-137.0,180.0,top,Y100,,,Crystal_SMD_2520-4Pin_2.5x2.0mm,12MHz SMD2520,smt
