﻿Designator,Quantity,Value,Footprint,Package,MPN,DNP,Mount_Type,Description
BOOT0,1,SW_Push,SW_SPST_B3U-1000P,,,,smt,"Push button switch, generic, two pins"
"C101, C113, C119, C132, C148",5,100n,C_0402_1005Metric,,,,smt,"Unpolarized capacitor, small symbol"
"C105, C106",2,20p,C_0402_1005Metric,,,,smt,"Unpolarized capacitor, small symbol"
"C31, C35",2,10u,C_0603_1608Metric,,,,smt,"Unpolarized capacitor, small symbol"
"C41, C42",2,22u,C_0603_1608Metric,,,,smt,"Unpolarized capacitor, small symbol"
D1,1,LED_ABGR,LED_Cree-PLCC4_2x2mm_CW,,,,smt,"RGB LED, anode/blue/green/red"
D30,1,MBR1020VL,D_SOD-123F,,,,smt,"20V, 1A, 340 mV, Schottky Diode Rectifier, SOD-123F"
J30,1,USB_C_Receptacle_USB2.0_14P,USB_C_Receptacle_G-Switch_GT-USB-7010ASV,,,,smt,USB 2.0-only 14P Type-C Receptacle connector
J40,1,Conn_01x10,Amphenol_F32Q-1A7x1-11008_1x08-1MP_P0.5mm_Horizontal,,,,smt,"Generic connector, single row, 01x10, script generated (kicad-library-utils/schlib/autogen/connector/)"
J50,1,Micro_SD_Card,microSD_HC_Hirose_DM3D-SF,,,,smt,Micro SD Card Socket
"R11, R12, R13, R137",4,1k,R_0402_1005Metric,,,,smt,"Resistor, small symbol"
R160,1,10k,R_0402_1005Metric,,,,smt,"Resistor, small symbol"
"R211, R212",2,270R,R_0402_1005Metric,,,,smt,"Resistor, small symbol"
"R213, R214, R223, R224",4,100R,R_0402_1005Metric,,,,smt,"Resistor, small symbol"
R30,1,100k,R_0402_1005Metric,,,,smt,"Resistor, small symbol"
"R31, R32",2,5k1,R_0402_1005Metric,,,,smt,Resistor
U1,1,CH32V305RBT6,LQFP-64_10x10mm_P0.5mm,,,,smt,The CH32V303/5/7 is an connectivity MCUs based on 32-bit RISC-V core.
U30,1,ME6211C33M5,SOT-23-5,,,,smt,"500mA low dropout linear regulator, shutdown pin, 6.5V max input voltage, 3.3V fixed positive output, SOT-23-5"
U40,1,XC6206P-2V8MR,SOT-23-3,,,,smt,"Positive 60-250mA Low Dropout Regulator, Fixed Output, SOT-23"
Y100,1,12MHz SMD2520,Crystal_SMD_2520-4Pin_2.5x2.0mm,,,,smt,"Four pin crystal, GND on pins 2 and 4, small symbol"
